Name,Phone,Paper ID,Paper Track,Payment Method,Amount Paid,Payment Date,Transaction ID,Email,Affiliation
John Doe,+1 234 567 8901,ICA-101,Artificial Intelligence & Machine Learning,Credit Card,250,2026-01-15,TRX998877,john.doe@email.com,MIT
Priya Sharma,+91 98765 43210,ICA-102,Computer Networks & Security,PayPal,300,2026-01-16,TRX998878,priya.sharma@email.com,IIT Delhi
Liu Wei,+86 139 1234 5678,ICA-103,Cloud Computing & IoT,Bank Transfer,275,2026-01-17,TRX998879,liu.wei@email.com,Tsinghua University
Maria Garcia,+34 612 345 678,ICA-104,Data Science & Big Data,Credit Card,250,2026-01-18,TRX998880,maria.garcia@email.com,Universidad de Madrid
Ahmed Hassan,+20 100 123 4567,ICA-105,Robotics & Automation,Debit Card,260,2026-01-19,TRX998881,ahmed.hassan@email.com,Cairo University
Sophie Martin,+33 6 12 34 56 78,ICA-106,Wireless Communication,PayPal,290,2026-01-20,TRX998882,sophie.martin@email.com,Sorbonne University
Kenji Tanaka,+81 90 1234 5678,ICA-107,Software Engineering,Credit Card,250,2026-01-21,TRX998883,kenji.tanaka@email.com,University of Tokyo
Emily Johnson,+1 555 012 3456,ICA-108,Blockchain Technology,Bank Transfer,310,2026-01-22,TRX998884,emily.johnson@email.com,Stanford University
Carlos Silva,+55 11 98765 4321,ICA-109,Embedded Systems,Credit Card,250,2026-01-23,TRX998885,carlos.silva@email.com,University of Sao Paulo
Fatima Al-Sayed,+971 50 123 4567,ICA-110,Human-Computer Interaction,PayPal,280,2026-01-24,TRX998886,fatima.alsayed@email.com,American University of Sharjah
